ハッシュ,タイトル,難易度
621ad2a006a4d39a57749c5f8dcc11b6,SunnyShinyRing -Another-,1
f8dcdfe070630bbb365323c662561a1a,星の器〜STAR OF ANDROMEDA (ANOTHER),1
de7652bd9c80b8830265336a725f7a98,Air ANOTHER,2
4c229d58ee1a5f27531dbf1dfb20dbff,約束 -HappyHyperStarmiX- (虎の穴),1
dbe5b5890e751aefbbee6187797b6e66,aliceblue (Radio Edit) (SP EX),1
f4c17f83cb7ba7ed6872ed001b5336e6,Arcadia -★1-,1
dcb93d8d9c3e0386afb721fc55821c4b,Imperishable Night 2006 -SP ANOTHER-,3
3284c41bf372f18adcd1da097aa7e342,☆ twinklesky ☆ _12 虎のANOTHER,1
29b52b51223c4372ad94c9f78ddeb945,X (AFOTHER),4
76258c845d93987cdf7ba48f204271d6,the sorrow of the islands (7keys:maniac),3
6322a76fcbcb7660381b1fc89e8d5f4d,searoad tracks =side blue=,2
084a1c763265e85e66a9b782cc6464e5,恋わずらい -shiny party floor- maniac,1
4bbdcf1a6299f13a91e99a5475f92c66,Armais (u7),1
12c06f4353bb52bfe9a859d9765f9664,Bird Sprite -D.K.R. mix- (虎のanother),1
d6b485999d498560213aa45b0cd6c6b7,Quark,4
98f2a9a05b16db52f1260e3b6812023f,Eleventh Hour (time limit soon! mix) [29Another],1
ff9f25ad005083c6173b565d054405c0,ハルトマンの妖怪少女～VirusⅤ [ANOTHER],1
90709c02ee7092b30907df62ed3bed40,Liberte-SuperSaw Epic mix- -ANOTHER-,4
29ffca1c9c4e61ae5b289c2cb6d1f412,A.S.D.F [EX],4
065b4491c016292247d76a9847b72b3e,cadence [29Another],4
a832f562a5edf913c31062a49577bd3e,Party 4U (AFOTHER),4
a1552410ea80470cf77732bdcb8ab232,★SweeT DiscoverY★ (虎のANOTHER),4
1401d3144ec27c3c14a00588a45aec15,wilis -SABUN-,4
89719530f80d426750633ac820089bcf,Ultramarine [Ultra(7)],4
b252c955763ccc430d7b085977e72cdd,SEPIA -EX色-,4
5dad50b54d761072328248937a230374,Mirai (busy),3
a5d55133fd47bf414da89de1f28f8415,Faceless Moon (Dante Must Die!),1
632af00b4c01774bfe0ce5a1340e2add,ゲルニカの壁 [EX7],1
839e69ec2e4eeefe0b027c87b456fe9e,X (虎のANOTHER),1
becd8745316f7e0e339e839fd308ec39,FELYS (虎のANOTHER),1
659fab05460eb7896f0126f657b677b5,supersoulsimulator (kei-another 7),1
0ac2ec9da6bad09ef6e3c8c349a7c1d8,ブクレシュティの人形師 -GIL-,1
0cbd523cb6d85c66bf691651a4af1636,In a dream (MANIAC),2
c7042fa76dd68f3761676f917909fd4e,happy century 虎のANOTHER,1
7850a7c5a36681106e68e1cd0603af21,Eclisse [29Another],4
c4f19c2c3ff120c992b4d224de7d951c,J2U (crazy remix 7AFOTHER),3
faac4cbd630b2a01b8da4f3f40ba89b4,Jade Star [alternative],3
f0a77e53609afe9607053e612c490a85,AcceptAdvent-Border of Life- (★1),1
da88281a5e665843d858a35175aad7e0,物怪舞踏 [29Another],3
5c27f600d79853e8196677b0cc637019,Lapis [Another+],2
f5f190bb896df1a2aff18805241a9987,Over the Sky [ANOTHER7],3
6983891ee44a38cd40188ca8a78cc56a,Act #000000 (short),3
0b773c3f90cbec8230f533705215e83a,Lostlove -BMS ver. another-,3
7d3202d40015e007c19ae0c8101e3895,x-Aria -虎之another-,3
08313708ffaa88ac9646ad9d74a0df4f,夜桜 -十六分咲き-,3
854f50a7f410b60623175bee73970018,Wasabi 激辛,1
5fce130519a3e2ba005e5886af9a83d5,Bird Sprite -D.K.R. mix- (afother),3
5cf55487a3cb0dce8d0a40a791955e13,Air ANOTHER+,3
a6f28cc22f4e6d525a41954d7af92600,night starter Another,3
79c79e34e9a95e37521011058b7ec167,★LittlE HearTs★ (虎の穴),4
98083b227b3ba1663a8ab0c75dd62e9a,LOVE☆BEAM (orange summer mix),8
f312185075e207d52854ec4f5c69620e,J219 (AFOTHER),1
1581a5cdef43485d364af426b088f47d,おでんぱ☆ラヴガール -BMS EDIT- [Kei-Another7 +],3
3b1720173791f15ecf42647887e8ec98,"ROTTELER'S HOME ""seven eduardo edit""",3
473171720dc2f14d7414b0ec4769509f,東の国のFLYING PAPARAZZI！ -Lunatic-,3
6887c8bf0dc53b30d3696afb15964302,Midnight Driving -air mix-,2
4ed00063bd156e2376539323200a892c,"REWD ""B159 mix"" // (kei another7)",2
b2ee6941ccdb2bde3cc17f831e8f8114,Rainy Season -ex7-,1
bbddc2d9fec5b477bb1d61f30b43dff5,theme of Maia -maniac-,4
0647b0a1bd06d1a075254fa637bf5720,その斯くも美しき紅に (EX),3
3f4b5bde1500d2f3718a6b26fb604b84,桜華月 ウルトラセブン,3
a45de7c32513ee9a4b3448dee0377064,Ruriko FINAL (7KEYS) EX2,1
6bd6e5c6d60f5516bb068d0a2a7bd2eb,Romancing Sa･Ga3 ラストバトル RockArrange (虎のANOTHER),2
202415f7ea495cb362de1ef45c4a400f,"Little ""Sister"" Bitch",2
35f74b0f698843207ecb34c2f38f0656,G.N. [N],6
3e699cf8d82f85a0217fbbdc6ffa5735,斧と盾 [7key_hard],3
b91257ead1bba8c7fb186c1dc1ca8f4f,qriving plare,2
a9263a064f908eeb2965984ef5dccd43,affected (ANOTHER7),3
109e82503e96f9fab2dc88cec3c7e80b,HAMMER the TANGRAM　（苦しさアナザー満天の星空）,2
283394e367276f2ab2917a904cfa9b32,東の国のFLYING PAPARAZZI！ -ANOTHER-,2
8fd0614318cb81d988de5c7f613abe27,A c i - L - A,3
e3bcd9be1b86a056c489bf102fbc6996,la noche (AFOTHER),6
36fd786d7331e34ae9896e5a954cef2b,Angelic layer -ANOTHER-,4
5a9eede846c0a2d13e27c86326b164f8,aliceblue (Radio Edit) (SP EX+),4
0468806684f8f0846affdd79500960c8,Lostlove - maniac -,6
1a1ca14aededce99bd136da649fbec7a,Love's Rebirth '06 -7another-,7
8142dedfec7ba92ac0a2f72d562a6caa,ピアノ協奏曲第1番 月光条例,12
069168f580c8fc4255cb0d2e54bbd6b2,あめふりこねこ (AFOTHER),4
59e5557b7ef269952917476f83859ab0,Free Hand zero [ANOTHER],2
d063d3666b36cc14b176cd4438487dee,duty,1
d65cad7ea336099292c5af80e222018e,千年女王 [Hyper],9
8818c4c2bda9e6f685fb85b78f84c7c4,Full of Tears -full-,2
9231d374ad83470ac856401fac855888,Plasma Strike (small-boss7),3
4ec61c1d81b50a31f028ba4693e0ddba,subconsciousness - another+ -,3
0297acfbb8be061caef1f327c0ea4316,la noche (end of mix),99
360060b4a045e6cb3e002bc779d8a221,That's the style!! (7key:Maniac),4
4aba61fa46780f110362e11d076807c1,Odin [Black_Another],5
08b15e3a937902bda2777200dea1020f,A BEAUTIFUL WINGS -Extra7-,3
202ec51b6ded5a01afffdf621e66f7ad,une fleur [EXTRA],2
2d7477eed67b34291140d50425f58a40,Super Mario Brothers Main Theme [29Another],3
b357aba2a3182ac00e315c33d12e35ee,baby blue blanket -AAnother-,2
1fe05bfcf15a03eafbee016d14be7df5,world devoid of you (fairydust radio edit // SP Another+),2
f1e379b31e04d7be85fba52f0e3ba833,Memories of Sky-CoolDownMIX- [7another],2
c54c1db625302b890e94a67e1b0ee32d,モリオンの姫 [INSANE],5
1917bf8c0d922d003b498f42950e3936,Mirage Garden [ANOTHER],1
33ae18837ec81491c38b9acccda8b16d,Messier 333 (ANOTHER7),7
9a802d829114988fa78264f428a660f4,Dream Rocket* [for Rea'ju],1
c07125de4ed7fbe7cb066cc41e50e51e,Papyrus (Maniac),2
0101e50118aec35ba9a1ba9bb50a40d9,Auston (7another),5
ad6180fee0369366d933472ad6080ec4,DRAGONLADY (7keyEX),4
ba976b164c8d9e397f54191860b3622a,Evangelize (Radio Edit) [PLANET],1
0241e9d1a9133d060f4a1832fe19642f,Wicked plot [N],4
a9afa695e31c0347a44e4b9b7ae0daa6,夜明けの少女たち [Another+],2
5bccd2cbac2e494112b7f7bbd3268a8c,BABYLON [7Extreme],2
0d1a3240230a854d05877f0d523a1409,AltMirrorBell Another,1
0c5b4261b5478dbe117e7bd3a6add4b9,AltMirrorBell MX,4
d1877ad5dc0134b27eb0238da5721eed,Pure Ruby -JUNK7-,4
e9782b309b28e4a450874bfb48672232,エピトゥリカの祀 [Black-A.2],1
91f9dc675a8f646808b2834441ca423f,Magical Love Words (Maniac),4
afa33f93acddb818ea4db22cfd188376,Aihana(Radio Edit) [SADISTIC],4
032b0582871a07c604d8cba171f95797,Durandal -Magical Freezing- (Radio Edit) [PLANET],4
7d4fc1dcc7f2672cab64da04ca4966f7,感情の摩天楼～PandoraBox,3
3c8063cac832c21238f9f592c851765b,.357 Magnum [Another],2
35888c4aeed8af4fd85f7a32d168ee58,Caixa D' Aqua,4
afc2ca303065298c51f43f249e26ebff,The Lady Is A Trump [ANOTHER],1
c2caa544ab35519f727510ba30de8961,Faith. [SP Lunatic],3
954f0b59464c3bec1601fa0e1ca6f365,Qualia [sLunatic],3
f84bde5b8bfe885ca9c7793e0fdf04aa,Destined Marionette -ALIEN WORLD-,1
aacb9d999b72cf1a806593fd242433ae,G.N. [B],2
70f45b780cecfe58b725437eda743d47,Here we go！ (TM edit),4
f6d65bda271e1a6cf50fde151b479c97,飛燕草 [BITTER],2
71631faaa241af7503fea6ae95c96837,You're My Shining Star [PLANET],3
b9568bf56e7fded029f02efaca1c019d,The Ray of Sunlight <sunny>,1
c26f57884500cc9259ac4ac3d447939e,Flesvelka MX,4
27135a2dd5d98bddb4a9453bca9487c5,Romancecar (Kukan Junkyu Edit) [7keys Another*],4
73a1c3d6d0b80d0ea035077f83cf9618,死腐乃美「彼岸花」第二～空虚偽心～赤紅 [Lycoris],3
0108ff92119d48e0ca0e2eae1f3dffbf,ERIS MX,1
fc7d46e7bbc9f6afd26d05e3bf2ef555,elegante [Another Plus+],3
b3887714270e28988ce900e4b9300994,風仁雷仁 (EX),3
9e5c4e5261bc78fcde31410b30260363,おどれフルファイアー,5
4c74a1b115fcb4554ce78b170b888d4b,ZEUS [Another+],6
bb6a50ebfa0edb1f5e07f3330b45be5b,kyrka [Extra],4
5d21b48c2922293bac430fdd5dade5e7,started [7key/Ex],3
7f66d4460d89ebe5e9281554d41a42d3,CHERRY DOLL (Imperial Rose),3
779739a642b2c804a0d8c4844b18e1b3,DANJIRI - Spanking Mix - [Hyper],2
4b2ef6fdb08c645bf82e5ee1c78737ae,Canon (blazing summer mix) [EXTRA],1
ba3bcf1b94fd10c4dea7f277c6bee5cc,Loki [7ANOTHER],2
df43c2e410faacba3e58276de9e200ed,エストポリス伝記II 〜バトル#2〜 (SP BLACK ANOTHER),4
7c774b8922f87de19ab72e96d996726c,Love & Justice [AFOTHER],4
0e238760056f24d507a3564421a431c9,HAPPY☆LUCKY☆BABY -UNHAPPY-,2
df84cff13642ddc8903fccaeb36c92f9,fragment of tears [ANOTHER],2
37663e91190ce4a0b502def7155df58e,Parousia [HARD],1
15e44dfea14cb6812f7fcb56a3a0c409,conflict [EX-HARD],6
f872dd65dd08638b06d80470a3233fb9,SOLROS [MX],2
cc117d0521097efbfc5bb461a168ccf0,Ocean Memory [Rea'du],3
34e09ddf69ae8bdca128db1cc39d163a,地球塔デヴォーション,1
d77e97b6e6ab2aec290dc3c03f286b8c,煉獄-Purgatorium- [HYPER],3
6a553647cc798708db899fd4048504db,HOOKER [7_ex],2
147ce1345beaa7fb7237989ca8fdd84c,Cross Galaxy [HARD],2
c2f261b49b205530fc5547fe56059ef6,Act Beloved [SP EX],4
d431f5779ff511480101f4612cebbfd4,Childie Sharp [HyperWeapon],4
605e2c5ce2ac8a51e264e7adc9774aa0,CG901B -7EX-[Short Ver.]BGA+,1
332caa24984ce2ec3923577fb661ecfa,Freja [SP ANOTHER],2
cbc08ef2b41334af24e7ddd8e350d7f8,Akasagarbha  └(┐┘)┌,1
f46034e8469b32eecd73f8465d035519,幽雅に咲かせ、墨染の桜 [biginner],2
256e192ba917897e91f4db1e691423f4,Cynthia (7-EX),2
90a79d4f80445e6465cc3b6b4af3a86a,beyond the limit -7keyex-,4
b745fe72b232f5ce1e4d28e92faa9097,F -Extra-,3
6822719f05ecb918d7ffd6382428651f,FREEDOM DiVE [k 7],4
68ee8fa4e9ce7876465bbf308157ab86,omega iii - beyond the flare (7kitty),4
1b47012854d7aa623632b0be4fce0871,Velaciela -damepo7-,2
bde9485a351aace13bca51b281f05b06,四十五年ノ雪桜 [Another+],2
8f5c7c585c944c9b98e0baad01e98519,sensitive (虎のANOTHER),2
122e9a97053e2dbb7cc301b3e1fa606c,L9 -落とし穴 perfect edition-,3
ec83546f7399d6230807a7bc66d0ac66,G e n g a o z o _ A F O,4
aeb2dd0707f26b1a61f6874bfd99e804,G e n g a o z o _ E X,4
107a84c4c683d3e76816cc77267adda2,AutumnBreeze (kei-another),4
94c62c30416de132cb9c1d894a3ce0cf,RiZE UP (Dif),1
7922a11129861d4eb6aa9b95565e8145,linear umbra [SP-RX INSANE],4
4ffc2e2369740ac9d44da39cea5e0224,雪月夜鐘 -Monsther-,4
3004d49607ce6fe08e572169a7bd61c2,High-Priestess [HYPER],2
e1a065d9370e0948f80fd0959d977000,ΔΔ [Another+],3
0c1dac05f554b061e011bb0f8b879418,月と狼と砂糖菓子 -Cookie-,2
dfda2cdf3527b470e8951ba285d6bc28,Aeventyr [MX],2
a69797e5735be285a032d519788f2424,Valedict,1
dd09b41665fc3944098a62a1d7dbfd95,Lieselotte  [INSANE],4
8f0d978c82050ba902d9247792aab764,Toki [ClockWise],2
5a40b21fe42ee18317d36dfc1aa860e8,宇宙のMI'Sキッチン [EX7],5
b271ed8ceff2e397773c8bda982f2cc9,Ray of Moonlight [BGA ON],2
956fc170981b450f6f2dace30aa36d01,BB BLOW (7key another),1
728c45910c9d38dbe9986c56817c9dc1,Everblue [7key Sabother],2
3347b6bf84ec962945eb40ebbfcda607,Fading Star [HARD],2
b11eeaaafc6188387c940a2a04c706ff,Kronos (EX),3
1dfc524ea3cbb8ee4f8e40a999718641,Re: Shinin' Queen -Hi-,1
6adf517d2e190d09fcfbc010536087f8,サンバランド [POROTHER],4
f0181f1361959bba0f71fe689d3c0714,Mario Paint (Time Regression Mix for BMS) [ANOTHER],2
dbfda884e3408cc0f956a491df6346a4,PCM (7 another),2
36611f2dbd11d859463efb6b4df59823,点、線、面、立体 [SP ANOTHER+],1
1b72e8f6439a698e78f94be16470b789,Calamity Fortune [F],4
6d5b9c4409daada59c8968f9129cb789,Elina (feat. Reislaufer) [HARD],1
877f4a37193f789cf1dee377c3774282,"rough [7key,Another]",4
e899a442afc91c738f8c666a91c3ce17,Debut -SABOTHER-,3
daf6f6a9a70bfe2b8926df38331215fc,Supernova [Another+],2
9f03d0a2965b56338d6fa975777662be,"JULIAN ""for B.O.F. 2009"" [SP-RX INSANE]",1
3083bf3ed23942c307172ef8a7553707,8th:Planet [SP ANOTHER+],3
5cbaf8e1f88b4371ec1e3bae52d7eb95,fragments J-CoreRemix[HeavyRain],1
d37ba8a0d317f3d39a1c6e2d5b369390,Doppelganger [ANOTHER],5
b28382b886c8f6d8249e4ad1bde22622,特効薬はカニピラフ (KANITHER),4
d67e55f35737d07bdb1b6e574ab8b47c,STAGER [7_Success],3
8f45b0c970e183550ebfdddc5db8472c,Caelumize [SP Cloudy],1
9e637c1676c1a5c4c7c2fda3b8d6b115,cold planet [F],3
0ae6aad252b54324e739a245c9efaacc,DESPERATE -fatal-,4
acb00af62ad22c34ab21828853bd2915,-+ [dy/dx],5
0b0d6d21968d624327b46f9546713b24,fragments J-CoreRemix [E],5
73e45d6f82b6d69bad566cdddca277cf,GIN TONIC FLAVOR [aspER7],4
c830eec2185e22e777a8dd91456eb659,PrayStation [HARD],3
95f4d061d6e1f817a5e959d29565014c,PLASTIC GIRLS (ft. Seorryang) [Stripe],5
efc091e69eab86605c5d2694b113e9f9,B.B.K.K.B.K.K. (toidi),3
1b4566b508cb58387480a0406d87cb1b,NewGamePlus [Good old game],1
6f4d00fd3c20579595a6f9368b4b1fa5,雪解け色フラワーズ [Defrost],3
d61d98bc51cd104b1d916a034ff1e271,88D [小さい],3
a68c7692822a21ea43944733eab36c2c,Amusing Night Party. [Panic],2
d353c5f0a6075ff60d3d5c34a1636e05,ベストフレンド［smiling］,5
8104bc6b3580ec33e2f8a425488f0d5f,Crossover (Chain mix),1
92534ba8547ae6943dc5a99b7ddd0728,Scorpion Dance [INSANE],1
f2f6269ad0b75ef7ab7066f524826c4c,BRILLIANT STAR ～煌星の雫～ [WHITE ANOTHER],2
51245af100f24264cf3df0bc5523ca27,Poison AND÷OR Affection [INSANE],3
a664ac5ffe78777c1eae005a3c4bd66c,恋の2-4-11(BMS Edit) -改-,2
5f6f1c5d3fca5edba8edd537d9927c61,Blink [SP BLACK ANOTHER],2
27b11d9858364cbc87459e6099403d6a,kindly breeze [ELITHER],3
2371263af3b0d644fba62526c9f49481,TURNDOWN [F],4
8a8a6c2f3511eb0876a6c9a2027d7bbe,Dstorv [false_fix],4
db5d1639dec6cbebecf70a2c52b3683b,CYCLONE [EX],1
276170e35b66b083f61efbda3be4380a,Dance Doll Dream [puppet],4
e5de5ecec3da46cf9beb08fe103b2e3d,僕たちの旅とエピローグ。,2
758dcee38a5931b3fb0d0a61feddb324,Espresso Shots [convert],1
d93d26ea51b78bc9b000b24aae30eabd,Starry Fate (Dif),3
fcfb1f5c4f41de1c401e6edd9e1841cb,GOODMEN [踏十里駅から徒歩10分],7
2479d75935c4664238040ec31244da94,アナログ横丁 [nova],2
215ddf8b7907896693a6b6e4163d02d1,Lucid Dreaming [ExHard],1
516b1bf998ce51fac3414987af262bc3,FirmamenT,4
64e3148d9b0d0bec242b026af08f1125,MilK [Low Fat],2
457555d37245e9c3e593b68239ab66ff,タイヨウパラダイス(Lemon beads J-core bootleg) [Les Deux Chattes],3
544d0e8e41d181845ca4a879121ca203,Reason of being [K.S-ANOTHER],2
17775d41a0c8f73e098f062c1595d57b,RE:START [ZOI],2
0c41df3152a1c03341729aaacae2bcec,Jasmine Tea Girl [ZOI],2
d70b69449d39959609c20cc95230ff20,HAELEQUIN [EX],7
9fdfab4195ae214781c9b9356e995aa4,Crescent Edge MX,5
78459a4cb7bcbece4722c835621e1bdf,sensitive (AFOTHER),5
32197897cf8ad00f7765b0a52a14b2a8,"ピアノ協奏曲第１番""蠍火""（なんでも吸い込むピンク色のための）",9
cd78da88201c01afb934bcba55f955cb,ERIS （Another+）,9
683340fac1d376bea11c0848531ed6dd,Tuk Tuk Boshi [7keys Crescent],12
bcf7607db2955c8979b54a0981b5eeb6,Yakumo >>JOINT STRUGGLE -隙間-,16
389bab124af9fa4fa5ebccf1b99a9ff5,ＤＱⅢ　Battle -Normal-,9
188ac44b91c8f97436dd74b2d6825f2e,Dandelion Sparkle!! [FB],9
06eba6331a168ae1ba596c58e5d235cf,ちんこ音頭2012 [sabunnn],10
350d06e51618cebbd037afcf762fb699,Harmony (*｡> × <｡*人) ☆ﾟ.*･｡ﾟ,10
af4a2231ed7c21fe28f5c9353775be39,Rainy [Runother],10
0cb096e2750b2954921653726b70dd67,HARDCORE MACHINEGUN [drrrTHER],11
f6bf86cd7a9ec5989958eb1c0f1b3b9a,"%E3%83%96%E3%83%B3%E3%82%BF%E3%83%B3 ～Falling in ""B"" mix～ (樹海)",11
cda748c5f9c545bce00eff8673cc12ea,Rosario -another story- (busy),5
0a936586307bd61cfed822c007659f3f,All is fair in Rage [ZOI],5
0f3837b9461a613dddf26a31e82f0084,volcanic -vaporize-,5
8696632a6260cac1ee2d2ef94e23c762,Xecus [Maniac],5
4f6ef5ebb09e27396384d62f95a0bf05,彼女の言い分 -ﾋﾟｺﾋﾟｺedit- [だって～でも],5
62e9b22c47db89eb2abb59c80635a506,res extensa [ANOTHER],8
bc0ee1edce32dfdbf10a5733bbcff27d,5.1.1(ReMix) [Afother],6
de32b7a4c93d8e144468360f292bfa19,アズール リミックス -damepo7-,6
eb4944ba424cd3f220b368fdaec14cd3,square and breaks -collapse-,5
a1a91080d47424493ee301726ef3aaeb,Angelic layer　 〜Reincarnation〜,5
bfceeca4a9248fa59596f14845d4fa45,SHI☆O☆KA☆RA [Splatoon],5
27f5204ebce1673e61fdb75494ad51e5,The Island of Albatross [EXTRA],5
610531ec78ecfcaf6824192c5abe8372,覚醒フィールド -A.T.フィールド-,5
042b7b3b607695a66fa8bdd8f0d618fc,oceanbird [benefic7],5
40ce36b144f2274fdefe82edcb68aaf4,THE ONE [EX],5
7e6e23e4a5e0642ce9f1fcb6078a3347,春色小径 ～ Colorful Path -lunatic7-,5
d70e2549e841819708d279d2478bb1e2,Dai-katsugeki〔AMAZE Remix〕 [ZOI],5
7aee705ad2b6e16eb7d50d29dca5acb2,MASAMUNE [三日月],5
f65b070acae8ca398715a7892b3649cd,LOVE THIS MOMENT [ManiaK],5
1e69627c0ca4628b67f731bc36423875,Air -MANIAQ-,6
50e42dfba8741b1909d7714ee7cf1846,Calamity Fortune [ANOTHER],7
d5ecbbdae844eecbc4bfd88e32a595d4,ETERNAL DRAIN 「第一話 発狂譜面」,7
273f2920b296c72ad322ee3005ea27f7,サーカス・ギャロップ -normal-,7
adec1bcc37806f155cdae08d873c9f77,Absurd Gaff [Another],9
0ab22f8cc36b18e6cce19f5f0906d71e,MooN -SP ANOTHER-,9
ee21ce9f5b84794c69e64e6d6d27caed,Parousia [ANOTHER],10
47de06762f16d164426e3197c5de967c,私のヒトミ [Na],10
a718de9a2cd2f88deafbd40f5929abb4,suffruti [BLOODY FATE],10
8a77e0361ff3521b17371efa3519b053,Shade of Gloria [F],9
2941c7e5ef09640b30fb9d3ca6293bb0,Luv 5 Dancer [EXHAUST],9
4377e154655b3d277b1c65b77d98cf1c,愛と煩悩と輪廻と常識の極彩世界 [皿と乱打と階段と縦連の同時押世界],9
1d82eca9a7f34560149864ca2094ab64,Funny Funky Freaky [HARD],5
00f1ab5a4e5af6ea457bb2435eb5a01f,rainy beauty [ANOTER+],5
0617af63ed768fcf1b21a15030d48043,子午線の祀り [マナの剣],5
14de370aec9a15a49d033b6f9bca7761,夜桜 -桜吹雪-,5
0f482e2dc1badd465ed871c8d91267b3,少女の舞葬,5
022fe7f422e929f8efc37bb244bba00e,モノリスの園 [ミラクル],5
809e83d6ebf5b98a761fae5361c9c4fd,"Red-rize ""B172 mix"" // 7keys Afother",5
e30ff61541bc46fea30b81b3f37c60e2,Lunatic of the Full-Moon (---),5
a56ddb2169246817fb7527363fb9c687,YAKUI [Benzene],5
62dd371c9d7d99976bca1c829b9d0a78,Love's Rebirth '06 -7another-,5
836945b0010aede1bd65e792e7fe1489,Trinity [Maniac],5
6300dfafb5c57ba753a9133f37ad890c,"Precious!!! [7key,Bonus]",5
aa06a78f286d7bf6ab6e7bb01c5be95f,道しるべ -Lunatic-,5
d20af55eadba90dd06647272af3ae75b,花鳥風月 [Crystal],5
fbab5865a5cbb55dc038cb95255bb565,ウィリアム・テル第4部「スイス軍隊の行進」 -MANIAC-,8
96b73a3e654e56bccfbe31a9ba6c6c2b,Remilia ～吸血鬼の為の協奏曲 [ANOTHER],8
e243943bdbfe823ae8e073347ce10f5b,おジャ魔女でBANBAN！(Pop-mix) (くそふめん♪),12
bafe9b1adf26cd0c2973061ba48557cf,T.S : Terminal Strike,5
2365be1596874951d4efd2e85ae04deb,A BEAUTIFUL SKY -OB style- AFOTHER,5
6aa8bf3963ecd60a2a06535e23b67ba4,Cosmoscape　 [kei another],5
0d3a46449ead1eaccd5f6a71c0a1983b,OAA-γ [EX],5
b16cddd6f8e015e8dcbd39be925fb13d,Flicker [E],5
a9304e2d4257c8d91165cb92b3d67a9c,Extinction and reproduction [SP Ex],5
625db11cae1e9db588828dd43c56ec54,Red -reduction division- [NANATHER],5
07398cdfa167bdd0ab4c70ad29756247,Ordeal,5
5d16320ae4dbf25972da9e9770838787,REspEcT-B.A.U MIX- EX,5
5c1b6d4fab17625da43100cc09223bc8,平衡世界 [Another+],5
8cc18e4a42b7dc1b7eaa7d15e7ea4570,Another Sky　 [7key/Ex],5
50a15e4aa167047ee505d409ac3ea4f5,Atomic Bomb [㌧に捧げる譜面],5
b420590bd67864a71eb4c90b0b803993,- JUPITER - [ANOTHER++],5
1da468b7747759763183cdc798bc2b2a,Exit (another7),5
3f68cd0cc57e0125a79d5412f0d8b685,happy century AFOTHER,5
c27de5c753fcd90b1d471f589e027399,織姫 -VEGA-,5
ad53eb592cefab1c484b4c8ef2433d27,Last! Least! Regrets!! (AFOTHER),5
5db7f37819b57ba62a8661fd12851be0,MANIERA (SABOTHER),9
bd3ed464b4cafaa0818551515c993cfe,Blue-White Crazybits [ANOTHER-],9
393260af90f9df91eef6f44947986b30,★LittlE HearTs★ (AFOTHER),9
cf6b5130b319f148ef4fe63ca993a43b,水晶世界 〜Fracture〜 [Insane],10
4793a0e153c21ce5e311fdec5b4ac811,ブクレシュティの人形師 -GILEX-,6
f708dc063a6035d46437fb5a7559d683,不思議の国のアリス -ALITHER-,6
1ed817c52973073f8a5045f25a45217f,カーテンコール [Encore],6
b8aa56e5362cc0a6b78471f98305e143,Ｍ （さぁ、どうしようかアナザー）,6
fb05cc2e1da34361d75d001590360667,Master of GENOCIDE [ANOTHER7],6
799baceaff9186227b4e8a8121d14eb0,eve solstice mix -kuso-,6
cd2ec8fad5363e2b8a58e13e47992759,亡き皇女の為のセプテット [BEGINNER],6
cecc71ad38606af7f5282859d4be2287,Back 2 Oldskool [Dead Or Alive],6
7300591ce85f888fbefe6984dc4938c3,Black Lair [INSANE],6
5e3711f2f576f3929156c9594b87efac,Engine [SP Insane],6
f6f7774325fbaad9bdeef271faa755e6,L.D.(Rock Arrange Ver.) [HARD],8
a6738157b2dc1689bea1f6123660d723,ZENITHALIZE -LUMINOUS-,8
c0d7baaaeb1b0ba9b17b94b587d2fb70,Candy & Baguette [SP INSANE],8
9caad6823f42c3234a9dfd50c4426596,夕凪の丘 -Ex-,11
bd0e8759e479663d7e8314d2b6e1dab3,Scorpion Dance [XERTHER],11
18a3d4f7f8b1d35277e759e5643a4757,cold planet -Blue Marble-,12
1f5cf9788ce30603c5ffe261f55d6c3d,Ms.Naive Princess [RAFFLESIA],12
462c47942b654985da2e94c6e31a238b,Angelic Snow -extreme-,14
2cb7ca662fa47655ac21421ed7b8aea3,squartatrice,13
c4a29dba4051d0989ca118a5fd44378b,FREEDOM DiVE [EARTH],13
f6a7b2c557bfa467da2d8788cb29f7a0,Plastic Mind [ALITHER],13
d4e2c4132b93b6bc1048c0cbf29cd318,冥界帰航 (ANOTHER),8
504950c0052fa12a5c125fcc0f68fda2,CHRONO TRIGGER ～世界変革の時～ [HARDEST],11
b34625d8bf3c225f18ef663c9dbe242e,LEthAl wEApOn (ANOTHER7),6
d45a6ddc04f19d36b564aad62c33f7b5,FELYS EX,6
5110b92d997eabc3d2322556617632ad,G e n g a o z o _ G O D,12
a772cef82596dc1c20bb60ac6b9dfcec,ヨッシーアイランド 「クッパ」 [7KEYS SPECIAL],12
b4d4c3a0ab148e9d3962adc5d1d98128,Cinderella Story -SP AMETHER-,6
425e92c471171139ca49b05bd60ca5a9,JUMMER (HARD+),6
24de0f65402e47ecdcd933a51ba83dc0,アズール <ANOTHER>,7
284fd8fdf21f963359aca222b9872c92,PUPA [LAPITHER],10
bc2c01f16c07b06bea0508404fe00867,Buuuuuuurstraffic [1TB],10
1e1f27bbd80ddfc4e690d3c52c60321e,☆ さくらなみきのかぜ ☆ foon7,10
076514c9ea2f3338667b6629e482bce0,End Time -Extra-,10
0a42f6e6ac736e6f500c6342810fd637,Halcyon [PLANETUNE],10
3be5d074019ffdc789c9bac9eb6020d1,κανων -φ-,14
5b449f55589dfb927ca0cd614b175045,／^o^＼ -サファリパーク-,12
f5665cbbf2a2d5f16b1591c5e5d2b505,dolorosa melodia [Sanctae Crucis],12
128ace6d39ccfe457e56ec49986a1f81,日溜りの街－あ！－ (MANIAQ),12
9ca663f162a70b7c8c3819cd1c18708a,Altale [INSANE],12
6210734de445dc44faa1593c54063a72,gravitronicⅠ -ANOTHER-,99
32f22137537102f89ba8e689fa349de8,The Beautiful Sunset of That Day(Radio Edit) -ANOTHER-,6
ad266f295b7788bbd2ef925575e272a2,LABO (ANOTHER),6
f46bb3084cb8601ec5c72a4314ed4813,Colorful Sunday (7keys:EX),6
bcb640aa649d12c1ba16cd70f94ff0f8,ねぇ？メイドさんはみんな忠実だと思う？ [SABOTHER7],14
f6d533b409874c161a66acaa4a93c2eb,月童 - Awaking!!神奈 [KANNER],14
39f78361dc62f7ac355fb73e628bb336,Cross breed -EXTRA-,14
151c0d2bb94ab56dfb753410ae70598e,Her Majesty [Another+],7
e8ea57d2a7b17bde5b02db94541d712a,the sorrow of the islands(Flow Edition) -ANOTHER-,6
b34c6c3d5616e64a352f5c95ebc5b1f9,FRANTIC☆ARCADE [otogamER],6
db91d03800a7a171fe8d33300fefbe2e,Pure Ruby [Another+],12
3c9e6197ca0dbf5bba3cd1b83603643d,HAELEQUIN,12
a74edf85c87807b2cdd8ebec098d9119,★LittlE HearTs★ (MANIAQ),12
9519fdbc51a79e42b444e050b7d36e50,Hybrid Intermission -Hy Speed Remix- [DHMO],6
61dd748dff2112c2bf3f8291a9662571,"Theme of ""ULTIMATE IRIS"" [VEGA]",6
50b6f903b6cbeb0487414003f486c7a4,ひつぎとふたご 〜狂気ノ宴〜,7
f832dea52b1b943d74ea91d466d3cb9c,Satori ～3rd EyEs (bms edit) [ANOTHER],7
0c65f3ac5bbd647977a64d51ef90d2ac,PEACE BREAKER [ANOTHER],7
c962ec11100d6174dbbe8ef052315dac,Musica de Aves [windmill],7
4204bb56d82fd5e49bda4ea9d0184e25,DISCHARGE RUSH [Creation_R],12
cf21e83f888cfbd8d9af560ecd567aba,メイドと血の懐中時計 [BEGINNER-β],14
6f100b3d018d06249af4b44768ff8a44,More Selfish -fickle-,6
2d4c2770b3a9e63e86bbe978ea968a3f,The Panorama [EX],6
98b3fbf0f75497bfeba05a0027254809,prohibition of world (dear a box given allll.),6
e950a7d9e069faf884757a8f141d6f4b,年中夢中な好奇心 [ExHard],6
5077cd14b4759d0e8d61e854eac4e88a,Jack o' Lantern [UltimateRAVE],10
c87682922d1b87622b34fe7a7ffba52c,Le Reve -Luminous Dream-,11
ecdc82b1ea1c53ddc38845206a9e703d,SEPIA -AFOTHER-,6
474d8a4bdeaf5ef464fd236b8bbef516,Blue Dragoon [Another],6
b434f05743be892a5ae11b37607f5d4f,Daydreamer [SABOTHER],6
f378874acfd34e09e2c1be0a1b7fdb9b,Lapis [FRIDAY],9
08d5817a8d2c80c30528584655acd19e,niKu [0209Another],9
f53a088f7dcf4a14e5fb27fbd627e573,Black Lair [SPADA],11
1f124e82ed629196b6503d3eaef7de31,Smiling '+(人'v`●)+',11
594a6a5bd98f64dff7ac69fc43635a83,歪んだ神 (DistorteD),12
cb32378ba605aa6439840a222f83688f,Air -EXTREME-,12
3725d7e92f0afbfbc9d15675e0d08fb2,"Developers, Developers, Developers, Developers! [F]",15
440e9ecc35dae241a12310b3c478eba5,幸なる旋律-the solitary melody- -福音-,16
fd493e9ff008dc10636a55dc4f2a0814,furioso melodia [yumether],16
519cc13562c5148c271cb9b13ed8807b,Flesvelka [Resurrection],14
d26737127ce25f92f6b58b360e9d117b,タイヨウパラダイス(Lemon beads J-core bootleg) [STRIPE or WHITE?],13
e5c37ffef1401274cfc59110df6b0b86,AXION [INSANE],9
06f86e2f6a13f415364c11727f3886fc,5.1.1(ReMix) [ManiaQ],8
e2f79e94416c06323a59ef6440e273f7,l'amour d'amour --- 虎のANOTHER,6
19fbf62d711282d81208f97f7135e2a2,Trahison [E],6
246a443bc377f25424df0bc0c7535405,Ladymade corestar (7 MAIN+),6
87b137ad26eb67ffd0c171d7b2f5a245,★SweeT DiscoverY★ (AFOTHER),6
902ca210c0059883a4a90cd28360cb71,☆ twinklesky ☆ _13 AFOTHER,6
211b351c15f36087eeff6367995792e7,Ascension to Heaven [EXPART],7
5bbd795fa683990831933094d6762764,沈んだ思い出、打ち上げて [Epic_fix],7
1d8fa1b51f572221c9d5524980154ccb,Central GRAY (^ω^),11
6f5191238a207f05643a84d50adcc030,before... [7key/AFOTHER],6
e9c44c196575967b34ebd7720e487c9f,YASAKANI [神璽鏡剣 陰ノ勾玉],6
aaffdf6c3fd3731cfb577b9375381c57,Gamegame (bms edit -Lanother-),6
e0d284d13b043cff5d691dab0a7b7315,DESIRE DRIVE (LLS HARDCORE REMIX) [SEIRYU ANOTHER],6
c500fea229c05f0750183554b540dbee,The infant daughter Frandle's [BLACK ANOTHER],6
5e64f2697b04fde95a43d1a12346576c,ポケットモンスター ブラック・ホワイト 四天王戦,11
d55e006869726798b8ac06723c9c3f6b,☆ さくらなみきのかぜ ☆ (plus system#4 palette style),11
8faa0fc06a989fdb3f153e38ac7efddd,Strahv -Encore-,9
f8b3b8ca5b5c5f7be1352b7aae723bee,架空ユリカゴ　 [SABOTHER],9
f0a30ea2f7fcc6422ece0a042b8e053f,Forceful Beat [HYPER],12
f01c2401b6c6e8e73e9e8a3a6c96e5b9,AcceptAdvent-Border of Life- (乱れ咲き),12
a3013463601c7ef7ee9c90ed911a872a,HAPPY☆LUCKY☆BABY [Blissful],8
06ddb2548a9d1eecfd11f3d2c1c03139,DENGEKI Tube [12ボルト],7
c3d1bf284c23922a44de7469f24a103b,東の国のFLYING PAPARAZZI！ -Lunatic+-,15
2a4b5afb78bcf20c35a81c9bc5fcbae2,恋愛シンドローム [yumether],14
92580909b87a5c797cda5dc09b47605e,Apollo [1969.07.16],14
63c03104c89aff5951b17b9c13bc02ad,orion ring -IR-,14
108e532b623118c25ddbccc7aa6f4fd3,Cynic -drrrr-,14
3e75b72bf37c843681c2f883b3ff8aea,桜華月 (A3),7
62f6543036ffb0390c0abeb2af6ecb25,Blooming [7key Feeling],13
b80186ff8eca822332ca318073ff373f,High-Priestess [EXTRA],14
91aee09a11633f1013234cd49304681e,DRAGONLADY (7key（・３・）),14
aa5641e22516f7ce27eaf3c346f086b3,compressed eyes -kusomiso-,12
551edb2af3291bdae8de517024fe5fcf,Cold Breath (Another+),12
9b071bd60d1d3ed5f441e77e40a25630,ピアノ狂騒曲第壱番「滅宴」 (another7),7
00d6368de4e80cdaf004612699ee03df,.357 Magnum (EXTREME),7
d558a4602d484ad00b857c1d62fd79f8,HE is an Energizer (7keys sarather),7
a4524f906032e251eae34e37dd0fa04d,"REWD ""B159 mix"" // (kei-transcended 7)",7
d6189186dfd1a1e9029fa5a9e7e16441,Homura [AKEMI],9
0f6009dd00dd7474f72f311ef4319391,Demystify Feast [NORMAL],13
eda30df9fd5410e25dce7ae76c5a594d,Jack-the-Ripper◆ [29Another],7
6598afc64d626f7efb90ef6a6d940823,白の魔法の光,7
e31b4a50d7aa493f7746c6a17f2b3069,夢人形 -Extra dream-,7
3791d42c00cdfa135df3779eb0f78505,Danse de Romani [Professional],7
b0eaa048c119f95e66675ea44c4ba1da,ting ting [XRATED],7
642b5393587c2adeaaafaaaff5fc167c,Ereshkigal (ANOTHER),7
3fe6019fc689ecd066ce0e1f643e76e4,どうか私を殺して下さい,7
4c07bb3a1e2850da12e2d307da1946de,dance in the dark [7key-EX],7
e49958dad991aad4925403ff67d1f34f,Cosmic Raid [Extreme],7
3e10bd402d5a0df48d81ec1a055941b4,marine snow,7
6de6909c19156221d729b5e965c5cc2a,Poppin' Shower -sugarless-,17
028b622244e442ec44db82606d00c3ba,先手必勝戦闘機　鳳 -上昇-,8
38769dc4d7de5e24a149e8f12fb75c6b,ロリキート [タイポグラフィ],7
e4f4a8ba879869391b18bfd6d3e8744f,Another [transcend],7
94307aa7bc3ee92de1798563ad03fc42,world devoid of you (fairydust radio edit // SP MANIAC),7
7d377912d100c7209098959f77c33808,心壊のアガルマトフィリア [F],7
94557620e6e20bb58f9df44d58243636,Moon phase Encounter (月面旅行),7
b93a0519f93b27ee900b7b8fcc3ab86f,銀の風 [7keyANOTHER+],8
cefb4735c26f9488438021b4d7fdca31,Meteor Lights [JUDGMENT],7
139d149523b80b8d3c16d79694b5ed4e,code : endymion [FRS Mk.1],7
7c69451a4164a960f34406001c08d83c,世界殺戮ブラッドローズ [ROSEBATTLER],7
fc97d57fde3693e23d39ff2caaa19392,DEEP MARINE STRIKER -DEEP SINKER-,7
3d44b0266fa568fc13a6b497141e9fb5,景色の境界 -EX-,7
803c62f33ba287df9364d94e0b0f3a2f,事象の地平 [F],7
1dcbfb836809f09a0a83ee1271950d1a,sola [Fi],7
2f2a6e1e63fc87424e938db2d274a29f,orbit （瑠野亜's edition） [MANIAC],7
3f888106b7739c64f692d0e0d7eb862e,紅染十三番街道,7
f6fdaacfebba19ef84fe0cbca3ef56a9,am Ende -Wiedersehen-,7
9c4c31af8e12bac036de83e99f9fe322,Pluto -Maniac7-,7
7c90596d7b62e4e6f29efc28c11cceef,P-ChicK-ParK(・◇・) [ANOTHER+],7
c6fc5f03682ec9692edfdad9d9d0f793,Romancing Sa･Ga3 ラストバトル RockArrange (AFOTHER),7
8a44bc0604c6804e19b3854636f6a514,藍煉の人形 -EX-,7
79e79237a4aabd8d47d44ab85af98fb2,Neural Network [Append],7
57eb9b7751dcde63c1a1d3e50e38c491,竹取はっぴー -AIRTHER-,7
953b0d07bf520c0bb2226d44508c5721,orbit (7keyA mania of mania mix),7
d1cfc8ef3449aceb6475f8929582410e,At the edge of dreams (FIERCE),7
36117c301ea545fac1e6bfda998ef1dc,Beyond The Alice (Phantasm7),7
d13183e9e216265d60f05dd974c8a79b,witchcraft -EX7-,7
1fb7a1e8196f4776d376447810b59689,I believe -EX-,7
482c2a1670136e8c2f2820b066b1f55d,Astrograph -damepo7-,7
67bc996815b98296a44fe0f802a6115d,DTD Emperor [ANOTHER],7
6f31b8a4c7bfea296a279cc7f7839e58,Vlll -Lachesis- [Another],7
bab0827b5e0c419e9260051447310ce7,約束 -HappyHyperStarmiX- (AFOTHER),8
c2ac802983ea02860d72b154b95bb89f,ブクレシュティの人形師 -Hな人-,8
3b3ffc9ece8671973cea9d90f93c2e8f,The Formula [Rea'du],10
16ba482fa9b065554ed813a35a3ed623,"Red-rize ""B172 mix"" // 7keys ManiaQ",8
eb025ebb0c8a8ff5f39e1ebce1c2d08b,Air -AFOTHER-,8
40fd51732eda5299c74b484343e13cf7,Bohemian Chic [SP INSANE],8
1110df34e91e9b8425c4a0446f5bd1ff,桜華月 [7key Extra],8
17102eac11c4f695d5c926142aaf1b64,Angelic layer -Heavenly7-,12
ddee030a63c0bf3adefe95af3188d279,Milly Barll,99
b49ba42bd9877bbdede9c0c2fe89bc60,Ophelia [HARD],8
a1bf67ed2fe66fe3665bffcf7dea2df6,Moonless Night (7KEY-MANIAC),8
88fa1f2205bccce696cf78bbe15f5917,A c i - L - A,9
a1fc5981f156c9996344e43949785199,滝行Lv28 [皆伝取りました],13
e622fd31351179f596f91f3b365dc2d6,マジョリテへの憧れとミノリテの矜持,8
1d9129225c58c52126e17ca2425f4046,Bird Sprite -D.K.R. mix- (maniaq),8
fa9d4943655fd0b984d7adf7002d063f,黒猫円舞曲 [7key_EXTREME],12
95358b9fd98898732c02f64fb6a76312,彼岸帰航 -idling mix-,8
f9fe3ae19a3f9d0db64b1984fe767182,ミルキーベリー・スウィートタイム [Eb],8
8efab01d8676841446492c7265f292ee,エピトゥリカの祀 [MANIAC],8
12add53b0ef4cb64a6187fbc94909642,Under The Sunshine -ANOTHER7-,8
871564b6b2600dce1978f90828d79d30,platinum garden -another7+-,8
4a899af4d05eeb55a497c94329668098,天上のポリスルイン [HARDEST],8
9d8663e28c2a3cb9762587aa98a22b78,白山比咩神 (ANOTHER),8
fcb2d964d462bf38a090d2dfa6af5c9f,ビッグブリッヂの死闘 -EX-,8
e4dd8090d701a8048cd9662258a4cf0d,樟葉(remix) [F],8
695a7b261e23b22cf0b1b8c8f4626635,Angel dust [7key//Maniac],10
e9fc0fbbde68bfd10f2d289751a1fc6a,Y [F],12
8a8019d432ab4dd9bde4e65faf1b663f,SCARY BANQUET [BESESSENHEIT],12
3a500560e6ace69e08b51736ff1be0ca,Infinite Galaxy [HARDEST],11
3c58f7c2e28bedf002aa1a29c8c86f1b,Eisenschweif (SP Wahnsinnig),8
ba4523e83007ffa3e47fb3fa7f03783b,BB BLOW -EX-,11
4e95770104639474cb3ef2bbd79aa7cb,Brain Analysis [7KEYS ANOTHER],10
0676d42c5eb08932d96a941b0a0a341e,舞姫 ～buki～　 [7key AFOTHER],8
9b446e7707059987eea196f606557623,Retroactive Rain (ANOTHER+),8
7c89f4d47ea58e95be6c9d12135aeaba,carnot (EX),8
b352417fb670cec510e79004c575ef6e,PuppyMill (Another),8
f0ff4dd81f42aa84e479508304ed25a4,STEPPING WIND -Wake Full Style-,8
1d90de062e1fe4c5216c290d1592e062,x-Aria -afother-,8
fcb412d342cd7c1c55536d8bb0e68e4e,l'amour d'amour --- AFOTHER,8
d63175f66ac9233c8de25b60ed8a1b7c,SEPIA -MANIAQ-,8
ce6d09b7c9f542c2730c4bed54042b9b,暁月～蒼い夢 夢うつつ (kuso edition),8
cdd882a55d73c4c6876504b66026f982,妖晶零弐 -Ω-,8
a48ef1f79944580c238e5bed04bd7360,Endless Dream -Maniac-,8
86ab3e02a8a3fb5c1c88cf5180098889,"少女の檻 ""Last Night, Last Dancing.""",8
e0903b51799252ae9e0de88ca4c4d3d9,orbit -EX- (mania of mania mix),8
e37d03dc1487200f376a52c491326ada,Vorota [sLUNATIC],8
b46b23fa8e2ad96e02763f687bb5a494,UnFaked phantOm [EXTRA],8
927e36c8fb022ece2d999774cdbd01c1,Alicia [SP Black-A],9
9d72051631c4e84912123bffc26a5612,爆走中年 ～ENDLESS RUN～ (かっとべ♂マグナム),14
65052079f634b2b182413930f1069769,どうか私を殺して下さい [29Another],12
22e753d47b54f78e2cdd1473276f5d4b,Q [SAETHER],12
9fae1e5a23c4cfff9b443a6cc49a8855,gravitronicⅡ,12
1619bdb40886cc7726346b6996c9f5a3,恐鳥,12
ab91b5085d9ba78312fd40802ab52534,witchcraft -Ultima-,21
447a0f246986d7173bec5392e63207f8,KISS CANDY FLAVOR [HARDEST],9
154c2561fd311e0d4822ac5340049c75,Noah's Ark (another7),9
c19a730224ae0636cd42ebe93b4b1e13,shooting_moon (Phantasm),9
5d6abb820987e25c784c49501bf9246a,S [ANOTHER],9
4c4ec305de0dd40bc5d2f709f1bd1497,BABYLON [7ANOTHER+],9
4f094b61576d4e1df6d1043097b64693,Fantasmagoria -隙間-,10
0a4a1c8f3573336b246e0fa0827ded8c,kyrka [MANIAC],17
bcce554a7b0f89f62d621bf68c46da94,乙女ノススメ！ (Lovely),13
6dc3b133f3dd786ecc9c2cfcc9f97a5f,Pangaea [air mix],9
6558c37837065d4703510819959a9fc6,SIREN OF DAWN [Another+],13
3aa1a582cb253db8ae731ce323782e42,妹様は彼女なのだっ！,13
3d6c4e9dd1c87def0e3e261204da58ad,E reviver -imaging you- (MANIAC),9
2b616cb6c4c80891834643f2c53bf2b6,Wild Clown (7key-SH),9
5cd6956a9991f6b45cd31098642e394f,symbolic gear [fk7],9
7f4cc6d51435b913729aaf1e44ea8601,VALLISTA [SP-RX ANOTHER],9
f310131399440c8d07fc5e14e1f262c4,その斯くも美しき紅に,9
aedfc54784966df1aff27da8283b10e1,幽雅に咲かせ、墨染の桜 [NORMAL],15
1908a704169ccca086612dd4dcc50c8b,にゃ [あずにゃざ→],9
18adfdab3665478691bcb38f9413daaf,Party 4U (MANIAQ),9
8632a98a865d46a850e4cfbea7225109,DataErr0r [ZOI],9
27adc9d365ff31d58e1497b5d3ffba5d,Merry-Go-Round [El Dorado],9
5fae30bee9c1eac274eb919d2c94aac0,Bloody Malie -Ex-,9
2f5fc9140ade63e7f5f74d427567dac2,After Burner [Departure],9
6ad75b7e4b0f829990f78a1388bd1727,Castorpollux [MANIAQ],9
e039116cb3a00a7b6e489eaf16a77a3f,Lucifer,9
efae90d527a71d753ea7ad2847ec2006,CO5M1C R4ILR0AD [ON3 M0RE 3XTR4],9
9b265e43a7667f024559287c43eda865,スプラッシュコード－０６ [ANOTHER7],9
a85ab98b827613c0e9f168fa78f64d38,A BEAUTIFUL SKY -OB style- MANIAQ,9
e1a95a1d8563eb10355121fc12544aaa,Uncle Arabian (7-Extra),9
33e3f66447a3639a2bb6b7aa5889fbfd,ティアオイエツォン (Extra7),9
7ca233100b95b9ef2f0c1501699b0cc9,Lunatic of the Full-Moon (EX7),9
6262ce9d32676fb72162f99d8b2ce363,Merry Christmas Mr.Lawrence,10
e626a58c3b6caa56181fb9ae6914e211,ラス・リグ (---),10
55252fa3daaeb2dff8cfc3204c647fdf,"Little ""Sister"" Bitch",10
87f1756867d68fad094b777fc24c1bef,A c i - L - An...um...,10
91a20cbfa92cba88795f0c1d9b303707,That's the style!! (MODEL PS7 OMHC inspire),10
df104d0ded6dedbcb6868ee3c9f64735,Ready to Go (^ω^),10
d79f68eeb1dcd10f52e8e8891928ea1f,Fate/fete (MANIAC),10
15510bd873717a57514dbc3e6b4e72eb,Cry-for BMS Mix- [7KEYS Maniac],10
42e77e291e6a64d416f860f7c02230f6,Moonless Night (7KEY-MANIAC+),10
085bce7c990a91ec821162666f72a110,TIME LIMIT (bms edit) [7key 2052 fix],10
10e32182c81f2c4fafbe18946c75b04f,aliceblue (Radio Edit) (SP EX++),10
0ab6999effc611d47054060217acdab8,Ruins Ray (Assaultics),10
12bf3eae7d1c2d8fc93854d6b942d828,Imperishable Night 2006 [+2],10
55c96ddf8ff57268a85709bd917f0159,月と狼と砂糖菓子,10
b52bc7cf1874ff2700ca0879bd75e9df,性的猟奇的無意味 [7key_EX],10
0c61170e3248970455f78eaf39fcccad,幽雅に咲かせ、墨染の桜 [NORMAL-],10
9806e791ab961bcc142e8f57873d9b1e,L99 (BGA Remake) -EX-,10
4f74d9086f3192b79494cd54d98b8f7b,Pokemon battle imaging - No.3,10
64f67cb5e24408f00f85e06c25117a32,Beatrice [MANIAC],10
b670d56530361a25c00112b31195d410,mytht lu cltte [29Another],10
e82fc167eb5427200bebcaf03faaa204,remote control⇒,10
bb4e7f21c8a4378c987094edd682465e,Time files [EX],15
f96cf3af3d9356407bff483d27f4aecc,IKAROS [ODYSSEA],16
40e62c68ee044e28cbea6805a88bb760,unquenchable,21
bd04e1b7c7f225f2873f0943af9574a4,アズアラス [Hell],13
bf7e6824976fd0c9c24a2d85228f5d28,corneal,13
39d0732ef7fee9ad0c8b044ccbe8a396,Love & Justice [GOD],24
b89279d026c9d40d0f5eedde2e25b920,図書室のエルザ [FOX],18
d2f8edb05e9e8dd19b4106ed68c0a668,Love & Justice [MANIAQ],13
0ff509c4af2533d1e7e458c8d5985c0b,M-A (FOOLISH),12
4c2a85efe95c8ee2121effaa4627a0cf,PopCoRian -EX-,10
c6599ae9e57756c33d031b4f622324c8,Imperishable Night 2006 for D,17
fd3f8c99bd2a261f56f18dc8da650a79,星の器～STAR OF ANDROMEDA [ALITHER],15
8bbe488e3b119b4b19f8b1a993454ba5,"REWD ""B159 mix"" // (kei-unmeasured 7)",15
0aab9cad6f7c0a2eb94d48c0c42f54be,Healing smile [HappyHardcore Style edit] (EX7),13
964fdbb339218fea1bbcdbf5ba31ac9d,月時計　Last・Dial (MANIAC),10
1f011a85f85d3d08018f95bef5017d2d,to Firmament [F],10
d6fb78635d9c5027417c3beefe6ade67,Halcyon [ANOTHER+],10
7dbe2a38e7bb2b2611cf0fc6b8b7cc2c,夢、幻。 [7_cloudy],10
226e647aac88ba05c8eafaf9af5fba53,Cryonix [F],11
ebe7ae691b9cad8ab7b2323e37691f1c,ナイト・オブ・ナイツ [HARDEST],12
a98602c097e7bc03f024bac1c551def0,ＤＱⅢ　Battle -Hyper-,13
017903115130e5317148d594293c921e,Re*incarnacion [NEXT],13
cfbf1406aed383c0bfbe09b325c5cb46,ERIS [yumether],13
b4ef3643a901f65df18faf2ebb58254c,スペクトラム -maniac-,10
609b08143caadb1a167783f889c7997e,Shooting Silver Bullet [EX],10
17ee7a35750c8e1b1bdfe3a7ca3a3119,真・千年女王 [yumether],18
755c4087937b7223c31cd17cedfce788,AutumnBreeze for Expert,18
7daaca32e180511339b61faaa5abb263,Wasabi 暴君,16
556ed0c159434dd1e7a252086482cfd2,subconsciousness -KILL-,19
6610020dbc80d70caec78cf39eb2b4b4,SAMBISTA -sarambista?-,14
ef950ae2fefba3c6c4c2055ccf648189,天空の城ヴェリエル [RUSH],15
8c5e74e4ee7e9f0f4d92c34fa6549df0,L9,12
44e7f11a7e9d6b1ad289e78d4c4558f2,drivin'FTR [7keys EX],10
5ee91f76ddb49e84dd12b71e17683ace,Leviathan (SP HEXAEMERON+),10
e3c53ab08173061ac8efad8e167fce0e,SUPERNOVA [EX],10
9c85e9b028b2f6e5db9dfb1e16c3f926,夏夜のノスタルジア (7KEY-MANIAC),10
c23778c9dce653fe104576a4942e7bfb,CHASER [EX],10
9d96062e99f3cc079d9e93fff7a4a597,dreamy traveler [NIGHTMARE7],10
eb9f7bcd12af2a2c74123c899f10347b,phyla (SABOTHER),10
27cf4ed5f8e68af2680c18ff04c8f07d,RISE AGAIN (ANOTHER),10
7654f5b9a8b74de4fff9969a2e3b5331,Ultimate Weapon [F],10
1c8ac8a5a554dd9d6fa54e57640e2887,Vlll -Lachesis-,10
f1f3584b41d64c744fdc5fad14f61e0a,Vacant Between You and Me (FOOLISH),10
62453557cd63363c29f3b2b4324bd462,Endless Journey [7key//End],10
ae8d4f3ce2935916c8b4824eef1fbc68,Continent Storm [ANOTHER7],10
9d02e77635f790c12d333d3af4ce27d2,IRREPLACEBLE THINGS [NANATHER],10
6bc7b3d28c0ce3645a4498ac36a38285,Snowdrop [nova],10
582c55cacb18f0cc5938125e322799cf,Central Nucleus [HARDEST],10
91412a5634bab06d077370f781db6709,Unexpected rewind [Messiah],10
6d166aa5fe3f6c1ae6c172499acc23e8,Flowers (802 edit),10
53e35cbc5fe25e489482d30c324c83e3,Granblaze 【Sympho】,10
9efba4a1444973a7725ae17eae73117e,おジャ魔女でBANBAN！(Pop-mix) -Airther-,17
fc33c6c10969eaba828fbe60b22dfc14,恋わずらい -shiny party floor- GOD,17
fd818c7e0c9226aea6c3bfdf163cba74,特効薬はカニピラフ (顰蹙),16
5dfeb1f40d32c9910fa2047288236433,自強號 -Monsther-,24
f4e321ba363a4a85aa7b9acf6da252f5,Ena (Radio edit) -vaca-,11
84657561030b58a419167bd3445483df,撃墜-HELL AIR FORCE- [yumether],16
66541c1cd7bdb9b51c606441e0512c77,Aragami [天沼矛],16
0e0619de679eb29af0ec907673e13d18,ヒメタイプ [F],11
dab5146a185e036cb1514b71edf1032a,Ereshkigal (FOOLISH),17
7fd4d1b5a767fd97343129157782a95f,Toki (Sound piercer's Timesucker Remix) [Personality],13
a29f9500cebd16cbb8d14b69ace79db1,Fairytale (Esimolp),15
871c6aed53c5dd3ac35686d9a92af4f4,Wizdomiot [ANOTHER],15
40673cc8ea628a9452f6ae9ac74d5817,先天性エゴサ依存症候群 [Hide],15
65b4f24da37d78655182838eefc68bef,BIAS (ふつう),11
7e690500eea4934ec7e689efa9b5e1a7,STARDUST CITY -- Maniac,11
bc058266641750aad0114546563b6004,#74 -7Another+-,11
96641e3e89ca6c61b1882ebf04ab4ad1,Ophelia [INFELNO],20
09df38ac28a47ed50d09518a158109ab,Merry Christmas Mr.DO,99
f125823454aa00746fc33078fa5dc7af,Into the sunset [ANOTHER],99
9598f209d0930626838a90976e01b25a,Bird Sprite -Awakening of Light-,12
c2662bad732fe327afd467c1f628fe63,Last! Least! Regrets!! (MANIAQ),11
ef32549669f88e996be7f8c1b0ab8f29,Quark [MANIAC],16
bd5d6333cf0fa6c86d1274ccc25a89d8,Betelgeuse -orion7-,11
6d7eb2859755cc31f5295296e36e024c,zodiac -Extra-,11
53b4184adee9a900d632e07b1d98a7b0,Trinity [Extra],11
0629bc4e0f848082baa117a2e41bac5c,compressed eyes -くそみそテクニック-,15
dbefc24c03e843b88cb1a1436b10638a,Lambda Driver [ANOTHER+],11
5a7973f0731b50ecb82c01c90daaec24,B-T [7keys-maniac+],11
a4b59ca055a856b9a200ccfd1bf5c7bc,Inherited World [INSANE],17
9fe281ebff01ce708981838e7593928c,BULLET HELL [EX],11
00b4a7cacb64ccd3b6e377699c914075,F13 [END],11
e3ab06586f401823f8ddad765843ff39,Meeting and Separation -Ex-,11
ba08b17833c353184fb8c42412985b5b,旧地獄街道を行く ～反逆のパルスィ～ [MANIAC],11
f9e26ca79a88891e801173e3b9a172d1,天叢雲剣 [Maniac],11
17b960734f2acdced87e31474e723fba,Ravers Rave Anthem II [nova],11
e514f86e5cd07295acc776f71b28ebd9,ClowN CrowN [sLunatic],11
c2355e8a6983f790c425ec41434b3752,Sicilian Kiss [29Another],11
50d06c08b90e30bd168764d3e96ccbd9,Fly Again (bms edit) [Rea'du],11
bd3fb257fbbb8ea5d7639744eaa83f10,Lasting Dream (FOOLISH),11
68139aaf71929060ae146eb10d9fffbf,contact force sense(remix) [F],11
705005073f72ab83726b19b946905f95,Wind -whirlpool-,11
2aff9c85d9b6366c8567fe3fd42a7428,Maharaja Trance -(‘皿‘)-,11
4e3cc7bb78186d7c7d945a9a03cd8fb8,analog sky (Another7),11
66e1cf445cd971c7501a613010020a85,Stargazer [流星雨が降る夜に],11
a9f20d9357bac2ac9a5a3845a169d352,Alastor [MANIAC7],11
eb4c2697459be3508e1aa2c8a9218dca,スーパーイザナギオブジェクト [Li],11
426ec16efd28bc5a1cbd6f707a6375f1,TEN,11
ee57853aa2cf82e353cbcbd75f808c20,斬 -名刀斗璃流（糞七）v1.1-,11
462e4a01734f0faf9b684b959c9d955a,退屈シンクアロング [発汗],11
9747e0270b7e1c2e9ce87e3fd2e0c658,Welcome To The Electronic World!! [SGVsbG8sIHdvcmxkIQ==],16
a0f48e96286e0ce275a33fd8cb851ff0,We are the xxxx,17
365ed4ea99075381e02d17a30ce515a0,Party 4U (EXTREME),13
7b00be2a087de2c29f5527fc439ac157,Evangelize (Radio Edit) (SP ミラクル),12
330913db5edca6306dbd0443e351bb91,Gamegame (bms edit plus+),14
c4134c29746e1ece168159ba4ae88d45,ATHAZA [INSANE],18
67a76e7d26f3c3ea99fdc6f912f83021,Dreadnought [Fragarach],18
f0feb9654ae044c0e95ebf68e2497c2e,Lemuria [Tyrfing],19
7d3ab8aaf3c959de5be583b8a468bb38,H.S : Hadron Strike [7Keys - Another],12
9596078145f986fba5a3cd02ae1b02c8,Cynthia -with moon light- (7-MANIAQ),12
7d8ef1f3f5593e533d4c1a07466209d9,Platinum [sANOTHER],14
3ffe563b9ccdcd7181ac278c4690c146,キメラ,12
5259008702ce6b6dd6919ce4d6dccf2b,Mirage Imitation [超音速 時間旅行],12
f65bcf7712fd14d1292f4c7ee993ff6e,Eclipse -Luna- (7-ultimate kusofumen),12
64715e5edf46723e79bed9966ea48176,mom [sorry.],14
d1181c178f2c0da8f7809e4c179d75b1,LUNASA the Stormcauser [MANIAC7],15
440268f63730a34510f8356194a9ff95,LivedaM (death),17
00b7d72f7ecd3d4f0af4ebdc0ee69f61,オトゲラヴ！ -発狂END-,18
ff2d2ffa4ae22da44b8cc3f20597a899,Dandelion Sparkle!! -ふわふわ-,19
e50bf68931ecd7ee278a4fd393ce335f,Blue-White Crazybits [ANOTHER],19
1cf2e138abd7199d6e4656447cfaed6c,FIONA [Hi],19
80faa68c6b45064cb27d5c018eabd7e5,End Time -to the death-,19
5b5b2a56526393ae893e4092068aa1cd,44river [nox],21
807c26e54c4ed6f2f3f6dc439f159ca5,The Lady Is A Trump [ANOTHER+],21
c3a22c5b77f1b692b3ec6b5c04c9fe51,SunnyShinyRing -For Expert-,21
cd24fd54b865c744428da2513643dd8d,水晶世界 ～Fracture～ [yumether],20
a349367da4bf5f5c7c03095acf61e762,GOODTEK [SA],18
4e1d973c0bef2313bde3547c30c93df6,ZEUS,21
6aa7a93d4f578ba072151d4110c815fb,あめふりこねこ [29Another],21
20298a905f69c2fe692b70be94a4d633,ZENITHALIZE [i],21
59b0d1d9d39b615bb7b3b877d0b093bc,Plastic Mind -狂気の人形師-,21
447be683f70017208372079fe55ef5e5,アズール <鬼畜>,17
eeec3f7659ee455f94e40a1f12645e4e,Lewisia,20
dcf3d946cbc402dec08871b115225c46,彼女の言い分 -ﾋﾟｺﾋﾟｺedit- [INFELNO],20
51e0a29d5c7fc9cdf5e5e8eee1ad1124,現実をカットアップしてみた [Realism],20
7241b09fbbc77e0e515aa65f245f95ab,Blacksphere [Black Hole],20
ba9d6967e0c9d9bbe30f6e8beabfc4f2,Revenger [(^^)EXTRA],21
c67ba013af164f2cdec7c8c98c90d8f5,Cynic (THE another),22
e5b14c4dcd1df58a047ba33caa88663a,conflict [INFELNO],19
732abafcb87ac588b64a9be39c6deb5c,banana man [HIMUTHER],20
964f90e176afbe94daf736499f052e88,あなた -EX-,20
593a7ffe30aed80cb793a11ae714716d,RAY,22
c73bdb3e4bb30bf452998c1fb76cedac,四十五年ノ雪桜 [EX],22
1b31792e9973e17dd04cda316641ad4b,白狼,17
04245f5649e814c54aa4e346abf1c28f,Xecus - X -,17
43fc3e48f4accb2b1e5d265b554b0b55,G.N. [H],17
a85c71bfb5fb0b443b68fb66cf2d1368,Endeavor -ALITHER-,18
7425d0438386e37b36ebede78937ddf6,ピアノ観賞曲欠番「神姫」 (KF),19
fed9367fc6e365a1c50d3d9a46a7af8b,la noche (MANIAQ),17
d7b6fffc45e0f7e4177774da6ba8812e,Showguts (吉凶相交),18
d1857c880459078f3b7d6523795f40ba,volcanic,18
9ce56cd8806895c676a002022b6ae325,午後のこいしちゃん [Philosophy7],18
7016b1dea6ac08bc60783d23d4f099a4,"織姫(Independent from God, Everlasting love remix) [VEGA]",19
359971d044a0ef29c23761c164639474,H.S : Hadron Strike,19
0bcc907d2af998f13d304f8a50ce2e52,恋の2-4-11(BMS Edit) -ケッコンカッコカリ-,20
38d58d8b3783fdb66dbafd8405954e8d,点、線、面、立体 多胞体,19
eefef4918e837ceaacba873c5214b807,Kreuz [Jesus†Christus],18
3594edfdcfa5202a6bb15c85fa371640,kyrka [MEISTER],22
a989801931b5e3172a2bd50401c10eec,モリオンの姫 [yumether],20
3f3bed485c074401ef4bcfb6781786ee,日溜りの街－あ！－ (EXTREME),16
cebe3d7dc0aacf4245342adf9f8a5b06,* Crow Solace * [85%],18
b71a5bb44c2d1d20fd90a6b318e54d7d,スプラッシュコード－０６ [MANIAC7],18
ac10def001390f4a64ce4ec477babee8,Ruriko FINAL (LUNATIC),20
ce8daddb4ec773e9e2d1d8a20de18ea0,Magus Logos [HARD],18
7dadc443b149a5f33d8e595dd94b66ec,東の国のFLYING PAPARAZZI！ -IR-,18
8e20dae62b996364951d3415124e0097,P.S : Plasma Strike - GOD -,19
a858d25a61e0dd52e1eeffa2de902745,SIREN OF DAWN (MANIAC),17
38616b85332037cc12924f2ae2840262,gazer [MANIAQ],17
e6b0aca90817a382bce13690d2e40baf,SPARKLiNG F!ZZ [カシスオレンジ],17
f274a8188cfce92ebefc017c2b0adaa7,亡き皇女の為のセプテット [NORMAL],17
7407cb35f4c26b588afa27263e08ab4c,遠い春を告げるあの娘の足音 [feather],18
7f41c24b1b0cc3e8b2916cbf1d06cf96,macaron (Amaretti+),18
95123d2e1b32efca74c78d718c044bc7,稲田姫様に叱られるから　 (BEGINNER),19
993b15d873cde2232c04b4f35a100e81,稲田姫様ご乱心 <bms edit> -Lunatic7-,20
79dc444b48299814462ff23a2bf3ab79,ひつぎとふたご [7KEY/LUNATIC],20
832a7a12d7c830e0eea307250450a78f,Metatron [YHWH],12
5ee2810a0e818128c41b9385f09deb64,Whiteout [&],18
8b71de41395ff4f802b4e6fa7d92f9c0,白と臙脂のオモチャバコ [DELAY],13
2132643e7ed1bf42f3a484d92321f57a,Name of oath [SP EX],12
603aae2c3681cc2562b9b53b50408c69,硬核機動 -Assault X-,20
cf065a021b5ac6277d32ba6b212901e3,おにコア,12
0881e7b2985d4e4ed347a6be5a05cc94,Amphisbaena [Fallen Heavens],18
8a602e66b159a4095dca17a4cf9a774d,SUPERNOVA -vaca-,18
0d1128a834e2aeb4dc0b31fa9d2dbbc2,res extensa [Monsther],21
46f0cc113e03fbd500769087fe94bcdc,dimension block ＾＾,18
76eb97720c7f088c2155af00064ac9cf,パネルでポン/フレアのテーマ [皿],17
606b173bea30e4258c4d465468ea2f91,shooting_moon (*R*),18
f9ae2efa42f0cda953814eb70ab80894,BLAZE YOUR SOUL [SP INSANE],13
b3a1166d2fb545005f81ae0286b65a91,アイーシャの剣-Forcing breakthrough- [X-sword],13
fd08126997e80d59cbc19904da322f3e,Alien Artifact [Append],12
20cfeb60bc8378b3aacc5551f3c46dea,Legend of Seeker [HARDEST],15
63947bce9af12ca7f84492b20ca21928,冥界帰航 -ALITHER-,18
cfafd623cd8ba0bf367f64768df0c07e,Ancient Memory (Extra),12
bcf58042dd33f7ae0a17466f1fdc7313,Quad Queens [ANOTHER],12
5ebddb1371e925549a343ea4d4bf3e30,sensitive (MANIAQ),12
c5fed10f9c17efc38546b53ba7248339,Borderline -F⇔M remix- [female],12
71bb57cacd7900f7f990a63af3212d9e,迦具土 -REVENGER EX-,12
a4e0eae74e95a57e603d28f7c0c3e22b,Beyond the Lightning -King's tragedy- [yumether],12
0077fe17f69a9db8922c16ac00df960f,Born [29Another],16
dae5aafc422dc625e602349b2b9cfa26,FREEDOM DiVE [GALAXY],17
945e88bd2a886308bfcb5786d7551fe2,Pursuit Of Outer Space MX,12
ed155e5082127249407c747d2c44df0f,Mirage Garden [ANOTHER+],12
40f5a6f06f776aaf5fd21656c31ba289,エナジーストリーム(Never Understand Remix) [ANOTHER],12
d6f3d41748530fb28d3f5e7bf0bda7d6,Happy☆mooN (MANIAC),12
e7a926d3e177339695c7c7c3eb900030,Alt Futur [Fieber],12
4c1ca130592c2b0d1bd0b55cceb94f5c,クロートーと星の観測者 [MANIAC],13
0a5f66290ea8306923a9d49ebb113dc9,Say A Vengeance [INFERNO],21
f13174cf11d942a609c418ddfe2ad6fb,コケシネコ☆クライシス [7KEYS RUNOTHER],13
1313e416eee6c07dfbc4e69d895d5bd1,Angel dust [7key//Maniac+],18
81d024c13fed9c35362435f58c9e57d5,Astish Carmine -EX-,18
fff439eaf47b9c8a9d2cd00f128ca902,Aqua Regia Squall [F],12
1219cd7f35d0019286629afb19ed2c28,MIGHTY OBSTACLE -FANTASTIC7-,12
e753ee419908cc37b5f685a38eb90b42,絵空事の世界と私　 [SABOTHER],12
c87ebf62e8bf270fc9597205662d6793,彼岸帰航 -idling mix-,12
d63e121e8d2dceb08e16bc0a6c13e5ef,The Lamia 170 [Requiem],14
8e0df85dbf59c4753346f1582e2d4422,FUXXING YOUR BRAIN -Mind Blast-,19
b3d931a4d7772ed7ce84c0c9209e6988,Retroactive Rain (MANIAC),18
5779e87603853ae56eb37452be6668c7,千年女王 [ANOTHER],19
fcb586590be9fb5c38c829c8ec114769,黯,13
7914f4ececa1ca873ad20a2f26ae258d,Angel Wing [FELITHER],13
bd26ab5b4e196ecc78c0b90f1af81576,Soul of Deep-sea Fish [RUSH],13
e7f91c96c097bab40d6f161800d7df46,myste`re [悪魔城],13
85ed349b8f6807b273eee0aae886d633,horizon ＾＾ω＾＾,13
aa3e6855b1746d6b5c7fe206801b6236,Schur's Theorem [Linear Algebra],13
2796bb7767603a6846897e29f163e14d,Baby Baby Frenzy [TRICK or TREAT],13
6aa70db2ae25d5b38c0509378504ecca,Endkraft [On the verge of death],13
315937f4d737a86d4f9d9be2f696fdee,CLOCKTOWER (Big Ben),13
2de63fd44b0d534cba821b082ff8f732,Mercury Prayer [Bless],13
acc60924b0410990fc7d47cea561a441,ELECTRiCiTY [7_voltage],13
3a517c7913157b836a4193c9ecf7bd9c,Fatal Pulse [breath],14
45b002bfe981461be80d75b45df9446f,new earth [terra nova],21
156a5f42301abfc36b5aadc72176058f,エーデルワイス [HARDEST],14
7fa0e91cfdbc515552b5e30423a0b913,Extinction and reproduction [SP kusofumen],13
7ba29309c4f790cfc65a12ed1eff3458,BLACKOUT -Side Story- [ANOTHER+],13
fc15c822e5a44c613117e4368d880ec8,Endymion [Selene],15
3ea487a913e09ffac12b2ccf6609ce5a,snowflake -exquisite 2008- another,15
79589b49a3d2efcc88b8e987f2ecda96,旧地獄街道を行く ～反逆のパルスィ～ [妬まスィ],13
c61ee74a26ce014a6f5426be8aa26ba7,Leonids,13
90ca23d2f6292dd0d4e4c88e20b46946,OAA-γ [HELL],13
671f262906a25b4354d403bd96560900,AVALON [IIDX],13
d8aa55c5fff09801096eac9114755dda,Synth Stream (RUNOTHER7),13
1fee0ff584eece616c41b6cf8282e496,Incoherent -reminiscent of squad-,13
8366a532b3fe07fe0659f73078c80b81,A BEAUTIFUL SKY -OB style- GOD,13
179ca83e83a13dceabb6fbcd093aa33c,"少女の檻 ""Last Night, Last Dancing.""",13
afc7ec7e2518f906dc5ae53808312a37,beyond the limit -EROTIC7-,13
567572d8ae089b35a6f38d1d90097a72,Crystal Wind [UV],14
1dee7ea1515cbe492784b7c17905781a,ハイパーミラクルシューティングスター,15
8ae06bf384dbe6956b1fc76c071ff86f,VALLISTA [Rhodes7],19
e10f3dbc3b3625b9c65d0c9b7ae61f33,Galaxy in Toybox [HARDEST],14
7682f710c79e4c13fa7daf1a723cb19e,Xecus [Extream],14
e8836d17808957fc848ef495ddd1c5db,Utopiangela (Cartoon Channel 203),14
e0a436ecba1af214171f616e9f8a2832,INFINITE BEATS [S+J],14
e022e596e01ba8e9e743df5ee6dad887,Fate/fete (MANIAC+),14
4b347c77f74ff4880673448664d0d1ea,堕楽の園 [EXTASIM],14
d7812341ef0045650e04ed477325b5d6,Cinderella Cage -Trancecore Mix- [transient],14
56036e42ce9b47a0cf5c1db0d5711ed5,Tsukuyomi [INSANE7],18
170f6aa0d03bc4f71af077765ada7a79,約束 -HappyHyperStarmiX- (MANIAQ),18
61fa18d36c0dd7d6814afe919583d32e,Heterochromia Iridis [HARDEST],19
57d10637d8bf9da1240060af6bd38c9d,白の魔法の光 -magiclight7-,19
119eea569c407f1b4539c3881738e40f,奏龍ピアソラ [T.Instinct],19
901c5435b3a1a3bee3d078f265ed3d48,Satori ～3rd EyEs -EXTRA-,19
51b176e4ad7c9d3287562196c1728163,ephemera (FOOLISH),19
c8aea3721acb931e5864268957b2e99b,resta del tramonto,19
5de3fb61ef2aedb0e66c992273e3bc4e,gradation (MANIAQ),14
913cc1267559c30ab9dc69f58c1f29af,E reviver -imaging you- (MANIAC+),14
77d524e329aec47f2e17aff8517671af,上海紅茶館 (LUNATIC),14
73aecc2131974a2042895818a0204c1e,幸せなマリアへ -ベアトランスMix-_SPanother_ex,14
ec056512be0b6770e4ec0ebc8744ef3a,MooN -SP NIGHTMARE-,21
8d7555c23a8f4e0023d3a787c02202d1,The ArcticLight,14
27d747cb8db9a924e0addacb5f70e698,The SunLight [U],14
98420b39f7fa7bcce6f3bab3096a7de6,platinum garden -maniac-,14
46db0fa9979c1b726400726ec2d10f37,far in the blue sky... [29Another],14
572a6ddf237229239d411d43b769cff2,G e n g a o z o [29Another],14
c50d8ae637210ae9ebfd7decc97b96c3,紅い月夜に花の乱 [8分咲き],14
b4b53a0f7e1729e2c4c55d7dc97a2a3d,★SweeT DiscoverY★ (MANIAQ),14
59c860dcd1c1012a415412ef6104e447,Last! Least! Regrets!! (GOD),14
edf573c6f779c9b10d667a6639c34b36,芥川龍之介の河童　～Candid Friend [NORMAL],14
158955b82c49f25c23bc2da39cb3bea4,eth剣 [ 7Key_Clover ],14
2ac598184092702e891cdaa48b92dd76,electric butterfly [yumether],19
eb961de5b7703657a08fe2dce340e5d6,Evangelize (Radio Edit) (SP FRIDAY),19
95318da6f5d2ce244a6fb19c8da1588f,妖晶零弐 -ω-,19
273965c4669994761c71c0da25a49c6f,Hypertext Transfer Protocol (SP WOONATHER),19
4c066e76059a6a4a0a7b34c788b9bd78,紅染十三番街道,19
a5b860b3c6683f79e34c5216f5972f62,Wild Clown (7key-SA),19
1feb50f44a553fb7bec345e2667ecd86,おにコア [如月],19
07d4bc6e005f54ac44273be6d9ed4db9,gravitronicⅢ,19
f8800566cd2b16c59505142b27af19d7,☆ twinklesky ☆ _16 MANIAQ,19
c31dc2e5b82a97de64cbee84aa67aae2,U.N.Owen ～戯れしは狂妹か？～ [abolish19],19
75403397d59c78d161429749143aa1f1,EXILE [EX],19
975aa8007474cf60bdfc933ccfc3583c,sunlit power stone [kusofumen],19
0da564826357204acadcab4430eef7f1,G.N. [A],24
fa9f75006aa50c4aae5d9d2edf3ee0b6,KRAKEN [Clover],16
77b45d176466eeae4048f6ed29719a49,桜花撩乱 [Monsther+],19
6c644aaed98dc9db307d96c7196dbb8d,N - flat waves -,19
ff5d7235ba643bc85b804a3df2778590,hypocrite,20
63cad21224b1c23518f1f915bf4bebac,銀の風,20
ea7096cd8a20ad7c12c0802c898188cf,乙女ノススメ！ (EX),20
9704b46a300f0a22678dc2e82d91820a,Ruins Ray (KF),20
64fcd7f0c47f0edc6e22a8b712c7f9f2,aballava (Clover?),20
751738dea1169c5c39db935adfc9e85f,Air -GOD-,20
228feb06a9a2d781624a041d52ae1507,CHRISTMAS EVE [Another+],20
393721d8ae30bf1c212e8126dadc03c3,Complex path (bms edit -madness-),20
425b14fc43db24a16f44380f4a06a3a5,ERIS [BIFROST],20
1728928d4d010b0c1ba0e21130a854a3,Cold Breath (Another++),20
28788156857a8fc75da04b797587c256,L9DM [FUC],20
2338ea893bf8c9c3d3304c862615adc6,Lamir (KF7),20
8b50e8be86f1c741810610a2e4e619ba,LOVE☆BEAM (orange summer mix) -ALITHER-,20
2e1cc5e6bb96bff8a92f2defce49e70a,Messier 333 (EX7),20
14e6967d1ebe85eb26cadb7fafa1e23e,MirroR -Miracle version-,20
bcd078c49adee918e2cc2260f912be19,Rewinding Sound Wave -sugarless-,20
c4ca195acf56e5086bf1f2608af5ac35,Yakumo >>JOINT STRUGGLE -EXTRA-,20
bb039ac3a3d097d69569f44e0ac80b09,ＤＱⅢ　Battle -Another-,20
2b0fd2e97e6458239a9c66b6031defed,ピアノ狂騒曲第壱番「滅宴」 (KF7),20
09e33fbf26546d9ab4219ae828b03d67,モノリスの園 [FRIDAY],20
60efbab48e249a45525255e1a996ee2e,英雄 ～氷の妖精のお話～ [INFELNO],20
18c6674e6ddf4e341d6ad6e6d9936365,弦月の猫 [EX],20
97794d0cb7a2d192655a13cc803e1d16,煌舞姫ベアトリクス [INFERNO],20
3cc376adecd0e196a34a12eb39311146,絶対的共依存 -Codependence-,21
9672a8604e4072221ed4f100eb5010f6,NO NIGHT MORE SOUL! [HARDEST],17
f325adbfec76efae04f5e3255c7a2a47,"ROTTELER'S HOME ""seven bottakuri edit""",15
c6db5f8d4d492abcafb59c7ed1653dec,Lepontinia -THE LAST PLANET-,15
e91f27396136e15914c3f9f240f87a30,Vantablack {color: #000000;},15
fa4e19c120e761db731050a93802423e,天 [J],15
086ded9e6392b06dee9cb33c7fd45b92,蓄積×フラストレーション  [縦連×オブストラクション],21
1e049d189ef9bef79824f55764517a58,3.14 (TT mix) [yumether],22
399a47fe7344d3fd68e3ad8e42de38fb,紫陽花の忘れ物 [Poison],15
8615b9ae85fdbf7e7a6738e8e3e1bd45,りりくろ！ [Randomize],15
34477cc17921837cb65f5bff8d53f55c,りりりくろ！！ [Abusive],15
ea27d81ea58cebf75f1651453e88020b,夏影-summer lights- [HI-Speed Edition],15
db8f91be3b179ad2e438eedaff42eab5,事象の地平  [事件の展開],15
6cacf6e30a4d2542ffd74a64c9e7ff63,L9 -落とし穴 final edition-,15
f625a63c71b41860e1ff302f515700cd,Ophelia [HARDEST],16
3a1930e076a09704969aae374f5745e7,Endless Dream [29Another],15
451ed38cdba0323388027129f5929645,CHMR -Automata-,21
e862d41db4532275e322327fed6909cc,Black Lotus [PING],22
8d11a7e457b5a344d03e90f8446d825b,Odin [グングニル],15
b8c0c37082328a75e9fe4913933765e2,ε-δ (FOOLISH),15
dcc8b07ed8a8acd6bb1f0402d99f6764,OAA-γ [HEAVEN],15
0ba3d77455f46db4ab414e3d37fe82ef,Fastraffic [7key EXTREME],15
c0c06b8c66d63169d495895b1aeb8215,JUNGLEFEVER (Kattobi Remix) [BIOGORILLA7],15
1cfb987d24073e9ea2391bc39826109c,Last Selection [MONDE],15
b5537e8d828970624afc5028cce24490,Valhalla [EX],15
e044300f3f9b8fecf5d1c58038d32da9,Grisaille -Labyrinth-,15
373ececc37a2931c34a3dfc0f254055a,Creamy Sky [BRIGHT],16
d6fea1389a86fc14eb354fcc5e60e03e,多重極展開 [yumether],22
10420967a85371e65db57967e6c696cd,Doppelganger [Hi],23
e27f3374832a4df86582520183342245,カラフル・サウンズ・カッター (EX),21
be493bdcc5cf1d67fffd42d58902d933,lest (FUNERAL),21
14e242272c33a1774bf12a70571bb94a,Tuk Tuk Boshi -LAST BOSS-,22
e58e3f718d089ec37caa0f2c7149a54b,Altale [Mirage],22
6dacc90521213fc1c7d5de2112ae1f1e,Moon-gate [DELAYMASTER],21
45446f6c96bdb081a2054b80cd8f7208,キミとボクへの葬送歌 [Maybe kill],24
d2cdf28edc1ab9c25fbede7902e82c22,The lost (FUNERAL),23
56bae55b19cbf032b95d5c95a57f233a,Wizdomiot [INFERNO],23
eee414d4940507fcff251d2cad606adc,兎は舞い降りた [HARD],16
68c933470782872985fcd2d7fdf09d86,Z -Another7-,16
fad70a1508646c1f5a0288c239b60e63,undefined [EX],16
5978fad340afbc123cdd28945bf1e57d,ホーリーサンバランド -LAST BOSS-,24
2ce093dffc92f27e00055b5143ceb319,theme of Maia [29Another],22
b64501551556f35f11e263f70fe65d05,Hay FEVER [G],22
7ae4a901d2c8f438bb1673ad4cadc576,Ultimate Weapon [βφ],22
7fd8a87559a14d4a8d5867aae06e8864,Under The Sunshine -LUNATIC-,22
323e391cb09c023da7fe439d12bc6def,GaRaKuTic Dream (garbage),21
8134e312f232d10c10efa2a1e34387bd,Imperishable Night 2006 for D+,23
9926f0c39f96d31f6ff77a40a2737925,Aragami [ULTIMATE BEAM],23
34ef021066ca17f8014bd6bc0973453d,アズール リミックス <MANIAC>,23
6536ce1fec383b45c83e312b96cf39e2,Bicolor Spirit [BLACK or WHITE?],16
dd99972264eeab7e4cd22d9a64ccb569,A c i - L - G O D,16
96fb7813b3d3d9269adecf9e7d87b1d5,The Destructive Genesis -ALITHER-,17
190ae975f493b9e24fe9fa13fa09fd79,うみいろ、そらいろ。 -nonsensical-,16
c0a8230dead189fbb9cd3082024d1693,5.1.1(ReMix) [GoD],16
529f43fc9b5affb1cf9fd94562ed6dca,flowers,16
d8a410196477a39ec1a17027aa87ab98,Sicilian Kiss (dead end mix),16
f20dc5807c166dd897eed5b4267a55db,わがままプリンセス [禁じられた遊び],16
b22f2d866ff6e8f62b7b95e9b7fa3a9e,going on -spring wind- [29Another],16
b2093fa35adf39b59d18428d2e322f7d,人形裁判　～ 人の形弄びし少女 -3rd stage-,16
2e1c5ef56b7e8ac5c441af17be37a15e,チョウの標本 [Maniac7],16
1f0b2945575d8f1194ff36a67ba3cc2e,夢人形 -SP MANIAC-,16
05eda314989c59f315fe8f2ff2d6c7e9,Quickening 2 the RED -Sephirothic-,16
94c095ab3e44cf6ce8525dbf87c0a710,TYR [Quartet],16
fb83ea90d2691cd975c4948ff4abbb07,Forceful Beat [ANOTHER],23
fbe94821f93aefea75dc0ad20c7e9cc6,Schwerkraft [すごそうな譜面],23
dea6f20c24aabc0984b4a3f66f997ee3,AutumnBreeze (kei-unmeansured),23
960d994d0f433ba8c1806f6cb442b9ea,dreamin' -happycore version - [INFERNO],22
727e7bb8906a76963114e9fa0b7521e5,絶対チェックメイト領域 -LiALIZE-,17
3c4e5a90478a6a60b430e9816c942ffd,煉獄-Purgatorium- [ANOTHER],23
f1f3a63e62cb5449bcc88578641d0f8a,pumpkin man [>w<],17
2a45cbc3033ad88509070c8fb036b7ec,Planisphere [ANOTHER+],17
0216b6514a1648c25f0cfc5eb8f83974,Meaning of Existence [OVERHEAT],17
1bce717724c9eac32ffbf53b42164cc3,Ancient Memory (Phantasm),17
a429465495dd151bf6afc4e4372075f9,Empress of Raizze [QUANDARY7],17
5239e86c268691b0c82a507adbdcc916,Extreme Z4 (Aggressive HC mix) [yumether],17
c20a16bb6566eeb196ac3dccb4c724a0,白山比咩神 (FOOLISH),17
3e46b0da59eeb0fd8eedc269a59f07fd,Baby Baby Frenzy,21
fb975909eb0f60a9190c7a1007515d4b,天空の城ヴェリエル [SABOTHER],22
ff82e0003d07d1933f7a12c87c84218f,失望Choco (・ω・),21
26c296c5b9d2f13f6fdc92263572e05c,わがままプリンセス [DX],21
246fb64792ed33f8c9b6b35587cecbb5,Skull & Witch [黒色破壊光線],21
9092b66c055e1a5feef481899991095b,トココ21 [funny],21
e6be97eebfbde50085d4d3b8509b63aa,Love & Justice [EXTREME],21
30a5cc8b0bfdc784f19fa42155917b6c,"Little ""Sister"" Bitch",22
d23a2e7dcf07ed2742477f09e50e1bf3,Happico Happico -mundanity-,22
093a8d66b89944db9e42aa2321b4f637,サンバランド -LAST BOSS-,23
bda8cb9c0bc624fb90082b30332ec2f4,永劫の沙漏 -Permanent+-,21
2e2c4168d3c350de3136a0c2ad23dce3,FREEDOM DiVE [UNIVERSE],23
cdc252edc57cdb4018dbeb46fda6a3c3,Lucifuge Rofocale (^ω^),21
6907561b925f74064b723122bda63fe5,Little Wizard -imaginary satellite-,21
e635f2ae6b96e9879e99d0600709f985,Lasting Dream (KOOKY),21
7aa9437164b505cd4260955c4ce0624f,亡き皇女の為のセプテット -IR-,23
a4a9c721a726435eaf37b62b1768b4e1,★LittlE HearTs★ (GOD),23
5dc1e3e22e4fc735f010e35f2ae77480,"%E3%83%96%E3%83%B3%E3%82%BF%E3%83%B3 〜Falling in ""B"" mix〜 (EXPERT)",23
5c9563e50da68ae43d57bffde3daf284,ハイパーミラクルシューティングスター [Perseus],23
29894cf918d9568d4431b263d241e58c,Synthesized Fortress -伝説から神話へ-,21
95ca00d705648b926d406e39e87c887d,iterated [INFINITE],21
a8d67366d1e603ff3000af761aef0e53,Ascension to Heaven -maniaxi-,21
7a8b1a11f82d2d97b45f794812369610,exists Uniquely [GOD],21
777a5ba64247c1cceb02555eb268164d,Artificial Rose [INFERNO],21
b47abfd03ddffcd78a1943d2c400ef1a,Singing of Night birds [HEAVEN],21
064970e4288f662f8d7e03fc938b9a85,175bpm,22
c6c3021134801b842f588108192e3fd9,The Lamia 170 [INFELNO],22
646aa89bba491e5b832dcbc778e2a91f,YATA (超地獄級),23
8a88eb827e2c74def79182726034be75,M-A (KOOKY),23
e6af04686aeaf0a0fa2698cb0b0111ad,PEACE BREAKER [BREAKER],24
845a17536dee577f7a0afa067fa53621,Auston (7hakkyooi),23
0183b55c5829e698fdaff5ba2f2b97f0,myste`re　 -LAST BOSS-,22
0678f28c087798f26ccb39f6ad5776ff,紅染十三番街道,22
935a9f5c0d161cacc27133d3270397f1,Tears of the Sunrise [No Future],22
92892e7a9f81773b4bf25b8db1c98cac,Apollo -Mare Tranquillitatis-,22
6cab005fa74faf889a7573c5ba51e4d0,ロッカー -Ex-,22
64915f642f875632b92eb1045c8987c9,At the edge of dreams (KEN),22
09bb3f38c7bb3c598ba630564c8489b8,Grayed Out -Antifront- [stLOng],22
c46a81cb184f5a804c119930d6eba748,FREEDOM DiVE [FOUR DIMENSIONS],25
3a503fb4e6605b82ed3ceafe760b5c85,High-Priestess [ANOTHER],25
ebc5946c3de24a01048d1c90cbd5c9d6,ダークサンバランド -LAST BOSS-,24
fb7a747a5115a4a4739397d17ccb26bb,Angel dust -Abyss-,24
538d3b12c5cc27948c19fca368f6257b,ephemera (KOOKY),24
ac29456828fbd27bb27bd99d52a666c4,P.S : Plasma Strike - LAST BOSS -,24
8f4dc7c8237ce74eaf5740808fa89844,G e n g a o z o - f o o n,24
1ba66dd0dffbe081276a59d3bf05de4a,幽雅に咲かせ、墨染の桜 [NORMAL+],23
0e2b662aa03b4b0669605b3557757c41,Total Eclipse of the Sun -Fatal MirroR-,23
d785b69456b6c5836e290cd3613d63a6,orion ring -EXTRA-,23
4eaf09a816e357e848d7e7333c465b87,Chronomia [pass],23
2856659c7533275466b0f93efa3dadf8,Blue-White Crazybits [WC],23
a2bcbceaccf8d9642e8b62723940590e,人形裁判　〜 人の形弄びし少女 -EXTRA-,23
75c5c9c650c21efedf28cceee1d1a286,Alastor [full density],23
38f7d300a2ba8c3289af529595566cc3,L9 -落とし穴 Revolutions-,23
fd3318a7a5389c7698e49399254e212c,Joker [EX],23
